<?xml version="1.0" encoding="UTF-8"?>
<project-private xmlns="http://www.netbeans.org/ns/project-private/1">
    <editor-bookmarks xmlns="http://www.netbeans.org/ns/editor-bookmarks/2" lastBookmarkId="0"/>
    <open-files xmlns="http://www.netbeans.org/ns/projectui-open-files/2">
        <group>
            <file>file:/C:/Users/amand/OneDrive/Dokumen/NetBeansProjects/Tugasprktkm/src/tugasprktkm/pendaftaranmhs.java</file>
            <file>file:/C:/Users/amand/OneDrive/Dokumen/NetBeansProjects/Tugasprktkm/src/tugasprktkm/Tugasprktkm.java</file>
            <file>file:/C:/Users/amand/OneDrive/Dokumen/NetBeansProjects/Tugasprktkm/src/tugasprktkm/tampilanpendaftaranmhs.java</file>
        </group>
    </open-files>
</project-private>
